urls,status
https://aiesec.org/opportunity/global-talent/1303796,processed
https://aiesec.org/opportunity/global-talent/1300102,processed
https://aiesec.org/opportunity/global-talent/1302168,processed
https://aiesec.org/opportunity/global-talent/1303857,processed
https://aiesec.org/opportunity/global-talent/1284302,processed
https://aiesec.org/opportunity/global-talent/1303206,processed
https://aiesec.org/opportunity/global-talent/1303339,processed
https://aiesec.org/opportunity/global-talent/1289910,processed
https://aiesec.org/opportunity/global-talent/1290661,processed
https://aiesec.org/opportunity/global-talent/1291190,processed
https://aiesec.org/opportunity/global-talent/1292131,processed
https://aiesec.org/opportunity/global-talent/1303650,processed
https://aiesec.org/opportunity/global-talent/1299499,processed
https://aiesec.org/opportunity/global-talent/1303789,processed
https://aiesec.org/opportunity/global-talent/1297342,processed
https://aiesec.org/opportunity/global-talent/1298073,processed
https://aiesec.org/opportunity/global-talent/1303218,processed
https://aiesec.org/opportunity/global-talent/1289103,processed
https://aiesec.org/opportunity/global-talent/1302395,processed
https://aiesec.org/opportunity/global-talent/1303717,processed
https://aiesec.org/opportunity/global-talent/1301970,processed
https://aiesec.org/opportunity/global-talent/1302015,processed
https://aiesec.org/opportunity/global-talent/1293729,processed
https://aiesec.org/opportunity/global-talent/1290435,processed
https://aiesec.org/opportunity/global-talent/1280733,processed
https://aiesec.org/opportunity/global-talent/1302153,processed
https://aiesec.org/opportunity/global-talent/1295697,processed
https://aiesec.org/opportunity/global-talent/1302076,processed
https://aiesec.org/opportunity/global-talent/1295757,processed
https://aiesec.org/opportunity/global-talent/1301858,processed
https://aiesec.org/opportunity/global-talent/1303347,processed
https://aiesec.org/opportunity/global-talent/1295407,processed
https://aiesec.org/opportunity/global-talent/1301857,processed
https://aiesec.org/opportunity/global-talent/1299489,processed
https://aiesec.org/opportunity/global-talent/1291428,processed
https://aiesec.org/opportunity/global-talent/1301612,processed
https://aiesec.org/opportunity/global-talent/1296238,processed
https://aiesec.org/opportunity/global-talent/1303976,processed
https://aiesec.org/opportunity/global-talent/1303292,processed
https://aiesec.org/opportunity/global-talent/1293401,processed
https://aiesec.org/opportunity/global-talent/1303981,processed
https://aiesec.org/opportunity/global-talent/1291831,processed
https://aiesec.org/opportunity/global-talent/1302354,processed
https://aiesec.org/opportunity/global-talent/1302956,processed
https://aiesec.org/opportunity/global-talent/1301579,processed
https://aiesec.org/opportunity/global-talent/1298046,processed
https://aiesec.org/opportunity/global-talent/1289873,processed
https://aiesec.org/opportunity/global-talent/1303325,processed
https://aiesec.org/opportunity/global-talent/1303853,processed
https://aiesec.org/opportunity/global-talent/1293354,processed
https://aiesec.org/opportunity/global-talent/1297160,processed
https://aiesec.org/opportunity/global-talent/1302402,processed
https://aiesec.org/opportunity/global-talent/1293608,processed
https://aiesec.org/opportunity/global-talent/1303980,processed
https://aiesec.org/opportunity/global-talent/1289379,processed
https://aiesec.org/opportunity/global-talent/1292053,processed
https://aiesec.org/opportunity/global-talent/1301080,processed
https://aiesec.org/opportunity/global-talent/1293810,processed
https://aiesec.org/opportunity/global-talent/1289255,processed
https://aiesec.org/opportunity/global-talent/1301389,processed
https://aiesec.org/opportunity/global-talent/1294784,processed
https://aiesec.org/opportunity/global-talent/1298881,processed
https://aiesec.org/opportunity/global-talent/1299419,processed
https://aiesec.org/opportunity/global-talent/1301401,processed
https://aiesec.org/opportunity/global-talent/1301543,processed
https://aiesec.org/opportunity/global-talent/1295700,processed
https://aiesec.org/opportunity/global-talent/1298561,processed
https://aiesec.org/opportunity/global-talent/1301546,processed
https://aiesec.org/opportunity/global-talent/1302955,processed
https://aiesec.org/opportunity/global-talent/1303336,processed
https://aiesec.org/opportunity/global-talent/1290621,processed
https://aiesec.org/opportunity/global-talent/1302487,processed
https://aiesec.org/opportunity/global-talent/1303804,processed
https://aiesec.org/opportunity/global-talent/1301545,processed
https://aiesec.org/opportunity/global-talent/1294340,processed
https://aiesec.org/opportunity/global-talent/1302743,processed
https://aiesec.org/opportunity/global-talent/1303656,processed
https://aiesec.org/opportunity/global-talent/1301567,processed
https://aiesec.org/opportunity/global-talent/1298541,processed
https://aiesec.org/opportunity/global-talent/1303348,processed
https://aiesec.org/opportunity/global-talent/1289378,processed
https://aiesec.org/opportunity/global-talent/1303419,processed
https://aiesec.org/opportunity/global-talent/1300812,processed
https://aiesec.org/opportunity/global-talent/1284501,processed
https://aiesec.org/opportunity/global-talent/1295758,processed
https://aiesec.org/opportunity/global-talent/1294957,processed
https://aiesec.org/opportunity/global-talent/1295694,processed
https://aiesec.org/opportunity/global-talent/1296455,processed
https://aiesec.org/opportunity/global-talent/1299143,processed
https://aiesec.org/opportunity/global-talent/1303817,processed
https://aiesec.org/opportunity/global-talent/1296273,processed
https://aiesec.org/opportunity/global-talent/1303745,processed
https://aiesec.org/opportunity/global-talent/1301633,processed
https://aiesec.org/opportunity/global-talent/1303750,processed
https://aiesec.org/opportunity/global-talent/1302491,processed
https://aiesec.org/opportunity/global-talent/1272880,processed
https://aiesec.org/opportunity/global-talent/1282021,processed
https://aiesec.org/opportunity/global-talent/1291533,processed
https://aiesec.org/opportunity/global-talent/1299002,processed
https://aiesec.org/opportunity/global-talent/1302337,processed
https://aiesec.org/opportunity/global-talent/1280491,processed
https://aiesec.org/opportunity/global-talent/1290498,processed
https://aiesec.org/opportunity/global-talent/1303094,processed
https://aiesec.org/opportunity/global-talent/1303977,processed
https://aiesec.org/opportunity/global-talent/1303623,processed
https://aiesec.org/opportunity/global-talent/1292144,processed
https://aiesec.org/opportunity/global-talent/1300809,processed
https://aiesec.org/opportunity/global-talent/1302987,processed
https://aiesec.org/opportunity/global-talent/1303624,processed
https://aiesec.org/opportunity/global-talent/1303946,processed
https://aiesec.org/opportunity/global-talent/1283724,processed
https://aiesec.org/opportunity/global-talent/1302140,processed
https://aiesec.org/opportunity/global-talent/1302239,processed
https://aiesec.org/opportunity/global-talent/1302473,processed
https://aiesec.org/opportunity/global-talent/1295219,processed
https://aiesec.org/opportunity/global-talent/1303387,processed
https://aiesec.org/opportunity/global-talent/1286122,processed
https://aiesec.org/opportunity/global-talent/1300893,processed
https://aiesec.org/opportunity/global-talent/1302355,processed
https://aiesec.org/opportunity/global-talent/1302739,processed
https://aiesec.org/opportunity/global-talent/1293373,processed
https://aiesec.org/opportunity/global-talent/1297657,processed
https://aiesec.org/opportunity/global-talent/1282629,processed
https://aiesec.org/opportunity/global-talent/1301544,processed
https://aiesec.org/opportunity/global-talent/1299639,processed
https://aiesec.org/opportunity/global-talent/1302469,processed
https://aiesec.org/opportunity/global-talent/1303791,processed
https://aiesec.org/opportunity/global-talent/1301541,processed
https://aiesec.org/opportunity/global-talent/1301372,processed
https://aiesec.org/opportunity/global-talent/1294982,processed
https://aiesec.org/opportunity/global-talent/1297682,processed
https://aiesec.org/opportunity/global-talent/1299364,processed
https://aiesec.org/opportunity/global-talent/1292102,processed
https://aiesec.org/opportunity/global-talent/1303799,processed
https://aiesec.org/opportunity/global-talent/1303835,processed
https://aiesec.org/opportunity/global-talent/1296387,processed
https://aiesec.org/opportunity/global-talent/1301385,processed
https://aiesec.org/opportunity/global-talent/1302730,processed
https://aiesec.org/opportunity/global-talent/1303204,processed
https://aiesec.org/opportunity/global-talent/1303327,processed
https://aiesec.org/opportunity/global-talent/1303009,processed
https://aiesec.org/opportunity/global-talent/1301542,processed
https://aiesec.org/opportunity/global-talent/1302235,processed
https://aiesec.org/opportunity/global-talent/1301501,processed
https://aiesec.org/opportunity/global-talent/1295807,processed
https://aiesec.org/opportunity/global-talent/1298279,processed
https://aiesec.org/opportunity/global-talent/1302698,processed
https://aiesec.org/opportunity/global-talent/1290626,processed
https://aiesec.org/opportunity/global-talent/1303581,processed
https://aiesec.org/opportunity/global-talent/1302322,processed
https://aiesec.org/opportunity/global-talent/1296520,processed
https://aiesec.org/opportunity/global-talent/1297778,processed
https://aiesec.org/opportunity/global-talent/1301608,processed
https://aiesec.org/opportunity/global-talent/1301754,processed
https://aiesec.org/opportunity/global-talent/1302185,processed
https://aiesec.org/opportunity/global-talent/1300383,processed
https://aiesec.org/opportunity/global-talent/1295808,processed
https://aiesec.org/opportunity/global-talent/1294356,processed
https://aiesec.org/opportunity/global-talent/1299853,processed
https://aiesec.org/opportunity/global-talent/1302579,processed
https://aiesec.org/opportunity/global-talent/1294791,processed
https://aiesec.org/opportunity/global-talent/1303198,processed
https://aiesec.org/opportunity/global-talent/1267100,processed
https://aiesec.org/opportunity/global-talent/1295201,processed
https://aiesec.org/opportunity/global-talent/1293145,processed
https://aiesec.org/opportunity/global-talent/1290946,processed
https://aiesec.org/opportunity/global-talent/1302321,processed
https://aiesec.org/opportunity/global-talent/1301868,processed
https://aiesec.org/opportunity/global-talent/1290747,processed
https://aiesec.org/opportunity/global-talent/1300858,processed
https://aiesec.org/opportunity/global-talent/1295935,processed
https://aiesec.org/opportunity/global-talent/1302257,processed
https://aiesec.org/opportunity/global-talent/1303337,processed
https://aiesec.org/opportunity/global-talent/1303800,processed
https://aiesec.org/opportunity/global-talent/1295141,processed
https://aiesec.org/opportunity/global-talent/1299925,processed
https://aiesec.org/opportunity/global-talent/1303196,processed
https://aiesec.org/opportunity/global-talent/1302346,processed
https://aiesec.org/opportunity/global-talent/1303615,processed
https://aiesec.org/opportunity/global-talent/1302426,processed
https://aiesec.org/opportunity/global-talent/1295693,processed
https://aiesec.org/opportunity/global-talent/1295841,processed
https://aiesec.org/opportunity/global-talent/1298998,processed
https://aiesec.org/opportunity/global-talent/1300875,processed
https://aiesec.org/opportunity/global-talent/1303518,processed
https://aiesec.org/opportunity/global-talent/1302594,processed
https://aiesec.org/opportunity/global-talent/1288909,processed
https://aiesec.org/opportunity/global-talent/1301394,processed
https://aiesec.org/opportunity/global-talent/1300415,processed
https://aiesec.org/opportunity/global-talent/1302464,processed
https://aiesec.org/opportunity/global-talent/1302488,processed
https://aiesec.org/opportunity/global-talent/1299001,processed
https://aiesec.org/opportunity/global-talent/1300860,processed
https://aiesec.org/opportunity/global-talent/1302345,processed
https://aiesec.org/opportunity/global-talent/1292936,processed
https://aiesec.org/opportunity/global-talent/1295699,processed
https://aiesec.org/opportunity/global-talent/1303340,processed
https://aiesec.org/opportunity/global-talent/1300916,processed
https://aiesec.org/opportunity/global-talent/1301978,processed
https://aiesec.org/opportunity/global-talent/1302738,processed
https://aiesec.org/opportunity/global-talent/1303798,processed
https://aiesec.org/opportunity/global-talent/1303801,processed
https://aiesec.org/opportunity/global-talent/1293763,processed
https://aiesec.org/opportunity/global-talent/1295145,processed
https://aiesec.org/opportunity/global-talent/1295511,processed
https://aiesec.org/opportunity/global-talent/1303448,processed
https://aiesec.org/opportunity/global-talent/1298506,processed
https://aiesec.org/opportunity/global-talent/1303197,processed
https://aiesec.org/opportunity/global-talent/1294355,processed
https://aiesec.org/opportunity/global-talent/1291084,processed
https://aiesec.org/opportunity/global-talent/1295143,processed
https://aiesec.org/opportunity/global-talent/1297224,processed
https://aiesec.org/opportunity/global-talent/1302154,processed
https://aiesec.org/opportunity/global-talent/1301043,processed
https://aiesec.org/opportunity/global-talent/1300924,processed
https://aiesec.org/opportunity/global-talent/1303195,processed
https://aiesec.org/opportunity/global-talent/1303793,processed
https://aiesec.org/opportunity/global-talent/1303483,processed
https://aiesec.org/opportunity/global-talent/1295695,processed
https://aiesec.org/opportunity/global-talent/1302958,processed
https://aiesec.org/opportunity/global-talent/1303010,processed
https://aiesec.org/opportunity/global-talent/1294419,processed
https://aiesec.org/opportunity/global-talent/1302258,processed
https://aiesec.org/opportunity/global-talent/1301867,processed
https://aiesec.org/opportunity/global-talent/1303982,processed
https://aiesec.org/opportunity/global-talent/1289066,processed
https://aiesec.org/opportunity/global-talent/1296685,processed
https://aiesec.org/opportunity/global-talent/1299541,processed
https://aiesec.org/opportunity/global-talent/1301607,processed
https://aiesec.org/opportunity/global-talent/1298645,processed
https://aiesec.org/opportunity/global-talent/1302957,processed
https://aiesec.org/opportunity/global-talent/1303131,processed
https://aiesec.org/opportunity/global-talent/1302077,processed
https://aiesec.org/opportunity/global-talent/1303548,processed
https://aiesec.org/opportunity/global-talent/1302821,processed
https://aiesec.org/opportunity/global-talent/1295637,processed
https://aiesec.org/opportunity/global-talent/1301314,processed
https://aiesec.org/opportunity/global-talent/1293536,processed
https://aiesec.org/opportunity/global-talent/1296029,processed
https://aiesec.org/opportunity/global-talent/1302740,processed
https://aiesec.org/opportunity/global-talent/1303595,processed
https://aiesec.org/opportunity/global-talent/1299281,processed
https://aiesec.org/opportunity/global-talent/1303848,processed
https://aiesec.org/opportunity/global-talent/1289437,processed
https://aiesec.org/opportunity/global-talent/1302796,processed
https://aiesec.org/opportunity/global-talent/1291139,processed
https://aiesec.org/opportunity/global-talent/1301017,processed
https://aiesec.org/opportunity/global-talent/1301395,processed
https://aiesec.org/opportunity/global-talent/1303352,processed
https://aiesec.org/opportunity/global-talent/1300814,processed
https://aiesec.org/opportunity/global-talent/1282399,processed
https://aiesec.org/opportunity/global-talent/1296424,processed
https://aiesec.org/opportunity/global-talent/1303648,processed
https://aiesec.org/opportunity/global-talent/1303998,processed
https://aiesec.org/opportunity/global-talent/1300783,processed
https://aiesec.org/opportunity/global-talent/1303649,processed
https://aiesec.org/opportunity/global-talent/1278206,processed
https://aiesec.org/opportunity/global-talent/1282401,processed
https://aiesec.org/opportunity/global-talent/1300988,processed
https://aiesec.org/opportunity/global-talent/1282452,processed
https://aiesec.org/opportunity/global-talent/1300348,processed
https://aiesec.org/opportunity/global-talent/1301835,processed
https://aiesec.org/opportunity/global-talent/1304079,processed
https://aiesec.org/opportunity/global-talent/1299340,processed
https://aiesec.org/opportunity/global-talent/1304028,processed
https://aiesec.org/opportunity/global-talent/1298315,processed
https://aiesec.org/opportunity/global-talent/1300985,processed
https://aiesec.org/opportunity/global-talent/1304027,processed
https://aiesec.org/opportunity/global-talent/1289503,processed
https://aiesec.org/opportunity/global-talent/1304076,processed
https://aiesec.org/opportunity/global-talent/1302400,processed
https://aiesec.org/opportunity/global-talent/1301829,processed
https://aiesec.org/opportunity/global-talent/1289988,processed
https://aiesec.org/opportunity/global-talent/1304087,processed
https://aiesec.org/opportunity/global-talent/1301280,processed
https://aiesec.org/opportunity/global-talent/1304013,processed
https://aiesec.org/opportunity/global-talent/1297198,processed
https://aiesec.org/opportunity/global-talent/1294590,processed
https://aiesec.org/opportunity/global-talent/1304029,processed
https://aiesec.org/opportunity/global-talent/1288205,processed
https://aiesec.org/opportunity/global-talent/1302396,processed
https://aiesec.org/opportunity/global-talent/1299464,processed
https://aiesec.org/opportunity/global-talent/1300166,processed
https://aiesec.org/opportunity/global-talent/1295832,processed
https://aiesec.org/opportunity/global-talent/1301018,processed
https://aiesec.org/opportunity/global-talent/1300784,processed
https://aiesec.org/opportunity/global-talent/1304034,processed
https://aiesec.org/opportunity/global-talent/1302009,processed
https://aiesec.org/opportunity/global-talent/1302327,processed
https://aiesec.org/opportunity/global-talent/1304030,processed
https://aiesec.org/opportunity/global-talent/1304031,processed
https://aiesec.org/opportunity/global-talent/1304078,processed
https://aiesec.org/opportunity/global-talent/1301930,processed
https://aiesec.org/opportunity/global-talent/1304085,processed
https://aiesec.org/opportunity/global-talent/1304099,processed
https://aiesec.org/opportunity/global-talent/1301980,processed
https://aiesec.org/opportunity/global-talent/1304020,processed
https://aiesec.org/opportunity/global-talent/1284301,processed
https://aiesec.org/opportunity/global-talent/1294219,processed
https://aiesec.org/opportunity/global-talent/1301809,processed
https://aiesec.org/opportunity/global-talent/1300128,processed
https://aiesec.org/opportunity/global-talent/1284637,processed
https://aiesec.org/opportunity/global-talent/1304109,processed
https://aiesec.org/opportunity/global-talent/1304022,processed
https://aiesec.org/opportunity/global-talent/1301050,processed
